½òÄÏÁè£¨¹Ò£©2018-196ºÅ,http://www.tjlandmarket.com/notice/view_page/010d6fb175b04791a0fe7fe3d04ecdfa.html
½òÎ÷³ÂÌÁ£¨¹Ò£©2018-212ºÅ¡¢½òÎ÷³ÂÌÁ£¨¹Ò£©2018-213ºÅ,http://www.tjlandmarket.com/notice/view_page/8124578634e547c892edea96466032d2.html
½òÎ÷Çà£¨¹Ò£©2018-09ºÅ,http://www.tjlandmarket.com/notice/view_page/e863730940da4fbfb4590bee5f60a5a2.html
½òÎ÷Çà(¹Ò)2017-09ºÅ,http://www.tjlandmarket.com/notice/view_page/e8ceb57e-865d-43dd-8e57-5bc2ca8c5a03.html
½ò±¦(¹Ò)G2016-115ºÅ,http://www.tjlandmarket.com/notice/view_page/85c300ff-14c9-4dff-b9e4-b0a29685d2a5.html
½ò±¦(¹Ò)G2014-038ºÅ,http://www.tjlandmarket.com/notice/view_page/c5925a37-2416-497c-9123-c0d8f6d59135.html
½ò±¦(¹Ò)2016-097ºÅ,http://www.tjlandmarket.com/notice/view_page/f91da9fe-0415-4109-9771-6d4d0eeb47a5.html
½òÎ÷Çà£¨¹Ò£© G2015-19ºÅ,http://www.tjlandmarket.com/notice/view_page/f500006f-f03b-42a3-a37d-bc69714142ba.html
½òÎ÷Çà£¨¹Ò£© G2015-06ºÅ,http://www.tjlandmarket.com/notice/view_page/b4f08f57-9053-450d-829a-cdf61b1052ee.html
½òÎ÷Çà£¨¹Ò£© G2014-38ºÅ,http://www.tjlandmarket.com/notice/view_page/ba713621-8ad5-4ae3-a4a8-e1130d95a7cc.html
½ò¾²£¨¹Ò£©G2013-42ºÅ,http://www.tjlandmarket.com/notice/view_page/263ff479-ad16-47f7-95e2-6bcada04487a.html
½òÄÏ£¨¹Ò£©G2013-67ºÅ,http://www.tjlandmarket.com/notice/view_page/16ec25ce-7c4b-4b01-9722-61889553738e.html
½òÎä£¨¹Ò£©G2013-051ºÅ,http://www.tjlandmarket.com/notice/view_page/27b08505-6033-44e1-afc4-fcc845e1dfd6.html
½òÀö£¨¹Ò£©G2012-11ºÅ,http://www.tjlandmarket.com/notice/view_page/3847f277-6aa4-44ba-9663-87f87ba83d15.html
½òÄÏ£¨¹Ò£©G2013-09ºÅ,http://www.tjlandmarket.com/notice/view_page/3b9a999b-b606-4f66-9da8-63fea7bbc50f.html
½ò±õÂÃ£¨¹Ò£©G2013-1ºÅ,http://www.tjlandmarket.com/notice/view_page/656aee92-c593-45f6-a0b8-86ccf77e6297.html
½ò±õºº£¨¹Ò£©G2013-04ºÅ,http://www.tjlandmarket.com/notice/view_page/ed2f85c5-6178-4648-b4f3-5c9320216a90.html
½òÎ÷Çà£¨¹Ò£©G2013-15ºÅ,http://www.tjlandmarket.com/notice/view_page/f334cbe4-804e-4c6e-9ed6-51823553c6ae.html
½òÎä£¨¹Ò£©2012-224ºÅ,http://www.tjlandmarket.com/notice/view_page/202ed021-2c07-4b9d-9c8a-3e6b23c1f556.html
½òÄÏ£¨¹Ò£©G2013-12ºÅ,http://www.tjlandmarket.com/notice/view_page/85c47f7e-a7ad-4117-9950-bf7c65195020.html
½ò³½·ç£¨¹Ò£©G2013-008ºÅ,http://www.tjlandmarket.com/notice/view_page/58dec4a2-fd23-423f-abc8-15a0ace0be0e.html
½òºº(¹Ò)G2008-05,http://www.tjlandmarket.com/notice/view_page/abe46e59-fb73-410f-883c-f973ac2be34c.html
½òÎä(¹Ò)G2008-063,http://www.tjlandmarket.com/notice/view_page/a0390208-720b-4d9b-b9ab-7fa5c3652692.html
½òÎ÷Çà(¹Ò)G2008-27,http://www.tjlandmarket.com/notice/view_page/4442d504-b2e2-4ede-9a7d-3622f2d197e6.html
½òÎä(¹Ò)G2008-071,http://www.tjlandmarket.com/notice/view_page/3aee8213-1256-4e2c-9c1a-4fb0bae47657.html
½òÄÏ(¹Ò)G2008-57,http://www.tjlandmarket.com/notice/view_page/e3fcec98-b143-4901-9319-6201c451228e.html
½òÄÏ(¹Ò)G 2008-36,http://www.tjlandmarket.com/notice/view_page/75611672-675a-4ad5-a2bc-657a1b96da9e.html
½ò¿Õ¼Ó(¹Ò)2007-15,http://www.tjlandmarket.com/notice/view_page/8867e16b-ea4b-43e9-9bc9-29b5184985f3.html
½ò¾²(¹Ò)2008-30,http://www.tjlandmarket.com/notice/view_page/953607aa-f4ee-45a4-ba2a-c59f7328c2c4.html
½ò¸Û(¹Ò)G2008-009,http://www.tjlandmarket.com/notice/view_page/539e1c7d-84b7-4bf8-a1aa-70a4466e48d1.html
½ò¾²(¹Ò)2007-012,http://www.tjlandmarket.com/notice/view_page/0073ff35-c88d-4e4a-847f-d19b9f6ee0a7.html
½òÎä(¹Ò)G2007-015ºÅ,http://www.tjlandmarket.com/notice/view_page/691ddd43-a0a5-4b83-a909-d621a0a64e1a.html
½ò±¦(¹Ò)2007-16ºÅ,http://www.tjlandmarket.com/notice/view_page/35628ae8-46b0-411d-bd61-e322d8a33e93.html
½òºº(ÅÄ)2007-06,http://www.tjlandmarket.com/notice/view_page/c6dd2fdc-155e-4f97-b82c-89b475c454ec.html
½ò¿Õ¼Ó (¹Ò)2007-6,http://www.tjlandmarket.com/notice/view_page/53b3f6a1-ad9e-435e-8dd0-e3b82ae26e02.html
½ò¾­¼ÃÊÊÓÃ·¿(ÕÐ)2007-06,http://www.tjlandmarket.com/notice/view_page/81b94bde-34c1-476f-b2c5-71c2f647c0e7.html
½ò¿Õ¼Ó (¹Ò)2007-6,http://www.tjlandmarket.com/notice/view_page/53b3f6a1-ad9e-435e-8dd0-e3b82ae26e02.html
½ò¿Õ¼Ó (¹Ò)2007-5,http://www.tjlandmarket.com/notice/view_page/2be36048-2f9f-4a89-9bc5-e98785b40353.html
½òÄÏË«¸Û(¹Ò)2007-124ºÅ,http://www.tjlandmarket.com/notice/view_page/5248538c-3bc5-47b2-b2d4-28c670d6b245.html
½ò±¦(¹Ò)2007-02,http://www.tjlandmarket.com/notice/view_page/8f151ff2-a181-453e-be3f-b78879d6598a.html
½ò¶«Àö³Ì(¹Ò)2006-060ºÅ,http://www.tjlandmarket.com/notice/view_page/c621dd16-6015-4071-b5c7-57720bfe8f66.html
½òÎ÷Ã·(¹Ò)2006-028ºÅ,http://www.tjlandmarket.com/notice/view_page/b3793811-1293-4478-8642-6779057c3704.html
½òÎä(¹Ò) G2010-144,http://www.tjlandmarket.com/notice/view_page/4b0ac3e0-9b5e-4d40-933c-cd8e0076602b.html
½òÎä(¹Ò) G2010-142,http://www.tjlandmarket.com/notice/view_page/ab0028c6-4cf1-419e-ad39-7616b9937b51.html
½ò¼»¹¤(¹Ò) 2010-023,http://www.tjlandmarket.com/notice/view_page/1b981e4d-3eda-45bf-badc-c2b047d90176.html
½ò¼»¹¤(¹Ò) 2010-023,http://www.tjlandmarket.com/notice/view_page/1b981e4d-3eda-45bf-badc-c2b047d90176.html
½ò±¦(¹Ò)G2009-048,http://www.tjlandmarket.com/notice/view_page/104cb9be-59f1-45af-9ec3-68068dccf98c.html
½ò±õÇá·Ä(¹Ò)G2010-2,http://www.tjlandmarket.com/notice/view_page/139d0fbe-3aeb-4ec3-9eaa-dcf95ba38da9.html
½ò¾²(¹Ò)G2009-213,http://www.tjlandmarket.com/notice/view_page/1c007528-4f6b-48e1-a193-eeb37da37644.html
½ò¼»¹¤(¹Ò) 2010-025,http://www.tjlandmarket.com/notice/view_page/226d911a-5fdf-45ac-8989-f9fba94a5acf.html
½òÎä(¹Ò) G2010-085,http://www.tjlandmarket.com/notice/view_page/b22aeea6-fe17-49c8-bdbb-1fc164acf6fe.html
½ò¾²(¹Ò)G2010-016,http://www.tjlandmarket.com/notice/view_page/d69d4f99-9161-4066-9a0f-fa3a19450dd0.html
½òÄþ(¹Ò) G2010-015,http://www.tjlandmarket.com/notice/view_page/f2fb00d2-8ae8-4c18-a4b7-8d82fa4d1f04.html
½òÎä(¹Ò) G2010-083,http://www.tjlandmarket.com/notice/view_page/d8a8033e-7154-4cb1-9e20-25ee81667b68.html
½òÀö(¹Ò) G2010-01,http://www.tjlandmarket.com/notice/view_page/56c4f071-fc2d-4802-ad43-0b1428971799.html
½òÎä(¹Ò) G2010-064,http://www.tjlandmarket.com/notice/view_page/9e07b8fd-c91b-46d8-a0f9-12e3fc3dbe16.html
½ò¼»¹¤(¹Ò) 2010-021,http://www.tjlandmarket.com/notice/view_page/e842255e-0685-4c76-a905-0a8e337ab8b7.html
½òÎä(¹Ò) G2010-065,http://www.tjlandmarket.com/notice/view_page/23a22091-a1c9-4530-80a7-dfea32d484d3.html
½òÀö(¹Ò)2010-18,http://www.tjlandmarket.com/notice/view_page/b9c5f7b3-5441-4c3b-9b18-cffef50543ab.html
½òÎ÷Çà(¹Ò)G2010-06,http://www.tjlandmarket.com/notice/view_page/4d47da26-2df6-4173-80f9-845b67a67995.html
½ò¿ª(¹Ò)2010-014,http://www.tjlandmarket.com/notice/view_page/5227a2d3-3687-41d7-a25a-41052f5a0131.html
½ò±¦(¹Ò)G2010-018,http://www.tjlandmarket.com/notice/view_page/e4d2ca19-7fea-4214-9e26-f6de7887022f.html
½ò±õÂÃ£¨¹Ò£©G2013-1ºÅ,http://www.tjlandmarket.com/notice/view_page/33eb9234-65d4-427f-898b-6cec9caeaadc.html
½òÄÏ£¨¹Ò£©G2013-09ºÅ,http://www.tjlandmarket.com/notice/view_page/5cf84bee-4472-4886-90ca-55d9e58d3845.html
½òÎä£¨¹Ò£©G2013-125ºÅ,http://www.tjlandmarket.com/notice/view_page/04e85a20-ddf7-4247-9711-6625b2f9c4b0.html
½òÄÏ£¨¹Ò£©G2013-39ºÅ,http://www.tjlandmarket.com/notice/view_page/5e2fcc98-992a-486b-86e5-54436639540b.html
½òÄþ£¨¹Ò£©G2013-13ºÅ,http://www.tjlandmarket.com/notice/view_page/c8828eef-6cb7-4f83-9971-687a2bba8eae.html
½ò¸ßÐÂ£¨¹Ò£©G2013-03ºÅ,http://www.tjlandmarket.com/notice/view_page/764d3e58-3df4-47d9-8079-4a8c80d3fe22.html
½ò±±¸»£¨¹Ò£©2013- 066ºÅ,http://www.tjlandmarket.com/notice/view_page/edcac321-7426-4f75-87fb-e38900cd5fb6.html
½òÎä£¨¹Ò£©G2012-160ºÅ,http://www.tjlandmarket.com/notice/view_page/d766b504-4d30-49a5-b8a1-631a14b380b2.html
½òÎ÷Çà£¨¹Ò£©G2012-50ºÅ,http://www.tjlandmarket.com/notice/view_page/4d73eab8-0df1-4618-9cae-1cf85d3d594d.html
½òÎ÷Çà£¨¹Ò£©G2012-36ºÅ,http://www.tjlandmarket.com/notice/view_page/b65d4415-819c-49f6-af28-1cec443287b9.html
½ò±õ¸Û£¨¹Ò£©G2013-4ºÅ,http://www.tjlandmarket.com/notice/view_page/2d6cf2c3-5f9c-4670-a5c6-6a2f11725377.html
½òÄþ£¨¹Ò£©G2012-29ºÅ¡¢½òÄþ£¨¹Ò£©G2012-30ºÅ£¨²¹³ä¹«¸æ£©,http://www.tjlandmarket.com/notice/view_page/5c3eebbf-5f6b-436b-9bb6-e52bedb08654.html
½ò¸ßÐÂ£¨¹Ò£©G2013-01ºÅ,http://www.tjlandmarket.com/notice/view_page/c1b77a77-c8f1-40d4-ab5a-40c964978195.html
½ò±õ¸Û£¨¹Ò£©G2012-11ºÅ,http://www.tjlandmarket.com/notice/view_page/d5378146-9cdd-4832-9af9-d5acb350126e.html
½ò±õ¸ß£¨¹Ò£©G2012-18ºÅ,http://www.tjlandmarket.com/notice/view_page/6dac0dc0-319a-4eb9-aa86-b49e304784d7.html
½òÄþ£¨¹Ò£©G2012-10ºÅ,http://www.tjlandmarket.com/notice/view_page/9eaca559-ee29-4115-9f9e-ce3ad42dc2c4.html
½òÎä£¨¹Ò£©2012-146ºÅ,http://www.tjlandmarket.com/notice/view_page/b30c70cf-b3ee-4730-87e3-fe5700c3eabd.html
½ò±õ±££¨¹Ò£©G2012-028ºÅ,http://www.tjlandmarket.com/notice/view_page/2037a9a2-8412-402c-8c83-f6eb66bd430c.html
½ò¾²£¨¹Ò£©G2011-216ºÅ,http://www.tjlandmarket.com/notice/view_page/93cd3e2b-3928-4c77-9c04-d892ce2476f0.html
½òÎä£¨¹Ò£©G2012-024ºÅ,http://www.tjlandmarket.com/notice/view_page/0115a8b7-9ebf-4cd6-be88-011fc74a646f.html
½ò³½Ô°£¨¹Ò£©G2012-005ºÅ,http://www.tjlandmarket.com/notice/view_page/023e702f-b66c-4f55-84b0-c1285996f0ba.html
½ò±õ¸ß£¨¹Ò£©G2012-04ºÅ,http://www.tjlandmarket.com/notice/view_page/344217ad-4b40-480d-aaf3-7f1c015533e2.html
½òÎ÷Çà£¨¹Ò£©G2011-32ºÅ,http://www.tjlandmarket.com/notice/view_page/6d9ce7be-6907-4043-91a9-1998fdfc6f38.html
½ò¾²£¨¹Ò£©G2011-112ºÅ,http://www.tjlandmarket.com/notice/view_page/233917d5-a418-4fe6-9c92-81e793a03584.html
½ò±õ¿ª£¨¹Ò£©G2012-015ºÅ,http://www.tjlandmarket.com/notice/view_page/9ab64a4e-534c-40e8-8e5d-cfb40dabaf05.html
½ò±¦£¨¹Ò£©G2012-002ºÅ,http://www.tjlandmarket.com/notice/view_page/723ac0d7-9667-40ba-ae91-4bf0b7d3ba19.html
½òÀö(¹Ò) 2012-01ºÅ,http://www.tjlandmarket.com/notice/view_page/15d7c147-40d3-4444-bebf-66783fd56e16.html
½ò¼»¹¤£¨¹Ò£©2012-025ºÅ,http://www.tjlandmarket.com/notice/view_page/ec8498b7-b346-443e-80fd-876f7e5c25e4.html
½òÄÏ£¨¹Ò£©G2011-39ºÅ,http://www.tjlandmarket.com/notice/view_page/e3e75875-5c93-45f8-8646-9582e691a211.html
½ò±¦£¨¹Ò£©G2012-005ºÅ,http://www.tjlandmarket.com/notice/view_page/2c4f39d3-2916-44bd-b712-6a105223a1e1.html
½òÎä£¨¹Ò£©G2012-043ºÅ,http://www.tjlandmarket.com/notice/view_page/36dbbce6-6f2e-4d83-98e4-ff3c20389e4b.html
½òÎ÷Çà£¨¹Ò£©G2011-59ºÅ,http://www.tjlandmarket.com/notice/view_page/3054d1d0-b220-4e95-b807-0cc37fb1a15e.html
½ò±õ¶«£¨¹Ò£©G2012-01ºÅ,http://www.tjlandmarket.com/notice/view_page/b790a60a-2135-4de8-8d35-a523a55c6551.html
½ò¾²£¨¹Ò£©G2011-127ºÅ,http://www.tjlandmarket.com/notice/view_page/076f98d7-1664-45ed-b649-e9089343c9ff.html
½òÎä£¨¹Ò£©G2011-345ºÅ,http://www.tjlandmarket.com/notice/view_page/faa6e280-fd54-49b9-8ec0-c0ac17ca7862.html
½òÎä£¨¹Ò£©G2012-007ºÅ,http://www.tjlandmarket.com/notice/view_page/5076ced1-1480-4b04-9b69-47e150063090.html
½ò¾²£¨¹Ò£©G2011-155ºÅ,http://www.tjlandmarket.com/notice/view_page/5709e92e-d567-4c27-9d4e-9f87db26b547.html
½ò±¦£¨¹Ò£©G2011-111ºÅ,http://www.tjlandmarket.com/notice/view_page/7a87e933-6d24-4c68-a249-ce5e60ce2847.html
½ò¾²£¨¹Ò£©G2010-063ºÅ,http://www.tjlandmarket.com/notice/view_page/f21fa060-912c-4e73-b907-e8b537d83bab.html
½òÎä£¨¹Ò£©2011-355ºÅ,http://www.tjlandmarket.com/notice/view_page/0e173db6-ae6b-4438-8d0c-c23ed673b0c0.html
½ò±õ¸ß£¨¹Ò£©G2011-7ºÅ,http://www.tjlandmarket.com/notice/view_page/1844a920-1ec2-4762-ae34-41a28b19f500.html
½ò±¦£¨¹Ò£©G2010-235ºÅ,http://www.tjlandmarket.com/notice/view_page/0deff148-d213-435f-aaac-d45651b42002.html
½ò±õÐÂ£¨¹Ò£©2011-03ºÅ,http://www.tjlandmarket.com/notice/view_page/d3d1ad07-7338-4e82-8b5b-c06fea3545d8.html
½òÎä£¨¹Ò£©G2011-242ºÅ,http://www.tjlandmarket.com/notice/view_page/87a9510d-36b0-485d-ba2e-61a507faa0e4.html
½ò±õ´ó£¨¹Ò£©G2011-31ºÅ,http://www.tjlandmarket.com/notice/view_page/88669085-116b-432e-88ac-3387380236c4.html
½òÎä£¨¹Ò£©G2011-019ºÅ,http://www.tjlandmarket.com/notice/view_page/718434ef-2ff4-4767-862f-b548460cc4d6.html
½ò±õÁÙ¸Û£¨¹Ò£©G2011-5ºÅ,http://www.tjlandmarket.com/notice/view_page/09b0f1fb-914f-4b03-b5c9-9c9d63e06442.html
½ò¸ßÐÂ£¨¹Ò£©G2010-13ºÅ,http://www.tjlandmarket.com/notice/view_page/5539a165-d7d1-401e-b88a-0411a0063982.html
½òÄÏ£¨¹Ò£©G2010-57ºÅ,http://www.tjlandmarket.com/notice/view_page/31fe008b-4a93-4061-b972-300e3ca6cf29.html
$notice.title,http://www.tjlandmarket.com/notice/view_page/5623f13a-61e0-42cb-add0-228ec4fcb7d4.html
½ò±¦£¨¹Ò£©G2010-127ºÅ,http://www.tjlandmarket.com/notice/view_page/337b0566-19f6-4016-8c3a-3fc7d313e0fd.html
½ò¸Û£¨¹Ò£©G2010-010ºÅ,http://www.tjlandmarket.com/notice/view_page/d7915b62-0530-4166-b8b9-d5f4cb0d3098.html
½ò¾²£¨¹Ò£©G2010-038ºÅ,http://www.tjlandmarket.com/notice/view_page/7fbbfdbe-9483-4f70-85c2-be7d22ec20f1.html
$notice.title,http://www.tjlandmarket.com/notice/view_page/f59e80fe-ba39-4ba6-bdbc-5f750fd1c26b.html
½òÌÁ¹¤£¨¹Ò£©2010-13ºÅ,http://www.tjlandmarket.com/notice/view_page/98e58400-59b9-4ed1-8077-cffff39da1bf.html
½òºÍÌ©£¨¹Ò£©2010-257ºÅ,http://www.tjlandmarket.com/notice/view_page/11236cce-69d8-4be7-8bf6-62222e2847b4.html
½ò¿ª£¨¹Ò£©2010-046ºÅ,http://www.tjlandmarket.com/notice/view_page/d023311c-8b7c-4b5d-a3c2-17784e388589.html
$notice.title,http://www.tjlandmarket.com/notice/view_page/83eb6e10-3c55-4544-8b33-9412ffa5535d.html
½òÄÏ(¹Ò)G2010-18ºÅ,http://www.tjlandmarket.com/notice/view_page/7249bebb-ced3-453b-998d-59dea908d0d8.html
$notice.title,http://www.tjlandmarket.com/notice/view_page/e89fa61d-c5ae-4a08-9488-b64835ab9f9b.html
½òÌÁ¹¤(¹Ò)2010-4ºÅ,http://www.tjlandmarket.com/notice/view_page/20b10249-3260-48be-add7-e474e81bacb7.html
$notice.title,http://www.tjlandmarket.com/notice/view_page/44fdcbdc-89c3-452f-8ab1-5e8e67a0e369.html
$notice.title,http://www.tjlandmarket.com/notice/view_page/3734775f-99c6-4815-ba96-9ac2d9b63323.html
$notice.title,http://www.tjlandmarket.com/notice/view_page/4553eeea-80ff-46bf-8cc8-199af8adb927.html
½ò¿ª(¹Ò)2010-030ºÅ,http://www.tjlandmarket.com/notice/view_page/0f487941-b062-4f9e-abd3-ef98c7744255.html
½ò¸Û(¹Ò)G2010-006ºÅ,http://www.tjlandmarket.com/notice/view_page/44287b60-c91f-4eee-b59e-801d32f4d1bd.html
½ò¿ª(¹Ò)2010-025ºÅ,http://www.tjlandmarket.com/notice/view_page/e7da4d94-4377-4f67-b925-ede397ae37ab.html
½ò±õÇá·Ä£¨¹Ò£©G2012-1ºÅ,http://www.tjlandmarket.com/notice/view_page/c808cadf-731d-47eb-b24a-40612fdc65db.html
½ò¾²£¨¹Ò£©G2010-065ºÅ,http://www.tjlandmarket.com/notice/view_page/61cc1e9d-3da2-4866-a8e0-cc5dadbd1302.html
½òÌÁ(¹Ò)2010-21,http://www.tjlandmarket.com/notice/view_page/06941a5e-0fce-4fd0-90b6-36847b286927.html
½ò¿ª(¹Ò) 2010-008,http://www.tjlandmarket.com/notice/view_page/9ee4256b-7581-4288-82fb-86b333b0654c.html
½ò¿ª(¹Ò) 2010-011,http://www.tjlandmarket.com/notice/view_page/7cfe679c-9d02-4582-941a-57a47c23539a.html
½ò¾²(¹Ò)G2009-174,http://www.tjlandmarket.com/notice/view_page/75200ba6-799b-4a6b-ba51-070c72460316.html
½ò¾²(¹Ò)G2009-182,http://www.tjlandmarket.com/notice/view_page/225f7dec-c482-46b6-a5aa-72dd27594aec.html
½ò¸Û(¹Ò) G2009-010,http://www.tjlandmarket.com/notice/view_page/fb94ea80-e1c0-44ef-bf5e-7773b3c072e5.html
½ò¾²(¹Ò)G2009-176,http://www.tjlandmarket.com/notice/view_page/20947d33-157d-46e9-9d69-2e57de8a05ce.html
½òÀöÕÅ2004-049 B4¡¢B5,http://www.tjlandmarket.com/notice/view_page/207a2c9f-fcfe-43ba-864c-8f21c5075f56.html
½òÎä(¹Ò)G2009-171,http://www.tjlandmarket.com/notice/view_page/61faf5e7-5d7c-4d55-8805-65b088dded51.html
½ò±¦(¹Ò)2009-084,http://www.tjlandmarket.com/notice/view_page/c42cb693-96b0-4594-bcbf-4e9b13437361.html
½ò¾²(¹Ò)G2009-119,http://www.tjlandmarket.com/notice/view_page/3b657eae-6b00-4fbf-b664-37985f6a1b05.html
½òºº(ÅÄ)2009-19,http://www.tjlandmarket.com/notice/view_page/cc9789aa-2a86-4952-9bce-617889b9dc67.html
½òÄÏË®(¹Ò)2009-192,http://www.tjlandmarket.com/notice/view_page/eacfa2b8-6611-4248-ab2e-a0a7162317ed.html
½ò¾²(¹Ò) G2009-110,http://www.tjlandmarket.com/notice/view_page/1b12181b-237b-4890-aaf3-cd11d9924d20.html
½ò¾²(¹Ò) G2009-109,http://www.tjlandmarket.com/notice/view_page/5902694c-d0f2-40cd-85a9-83ff0e8de11a.html
½ò±¦(¹Ò)2009-054,http://www.tjlandmarket.com/notice/view_page/647b6be7-296c-4eaa-94bb-06abdd03bfdd.html
½ò¸Û(¹Ò)G2009-008,http://www.tjlandmarket.com/notice/view_page/d0ab7432-9948-45da-a43c-61f50e41a59e.html
½ò±¦(¹Ò)2009-005,http://www.tjlandmarket.com/notice/view_page/1fa580e9-4842-4576-bd40-b28bce4302ee.html
½òÎ÷Çà(¹Ò)G2009-09,http://www.tjlandmarket.com/notice/view_page/083b3c4f-b07f-4228-b706-126db1410ff1.html
½òºº(¹Ò)G2009-19,http://www.tjlandmarket.com/notice/view_page/d324bc32-b59a-4dc9-b663-74023ad9cfa1.html
½òÎä(¹Ò)G2009-54,http://www.tjlandmarket.com/notice/view_page/07d1492f-cf6d-4102-9f24-1f2cea50db7d.html
½òÎä(¹Ò)G2008-159\,http://www.tjlandmarket.com/notice/view_page/5bb36542-e678-4de1-a41c-aa91d54f1517.html
½ò¸Û(¹Ò)G2008-018,http://www.tjlandmarket.com/notice/view_page/41ef9abc-53e8-442b-bf40-64dcadbb6599.html
½òÎä(¹Ò)G2009-027,http://www.tjlandmarket.com/notice/view_page/28d75428-f344-467b-a9a5-fc99c2cc89b8.html
½ò¿Õ¼Ó(¹Ò)2009-09,http://www.tjlandmarket.com/notice/view_page/b5c3e0f8-467b-4bb4-936b-485877fd08ac.html
½òÎä(¹Ò)G2008-131,http://www.tjlandmarket.com/notice/view_page/8d0a38bf-fe18-40a7-95f7-5f13f9c73557.html
½òÀö(¹Ò)G2009-01,http://www.tjlandmarket.com/notice/view_page/5b526fca-2be0-4e41-bb76-69b5f51e85a4.html
